,name,NO.in Stock,price,Rating,No.Ratings
0,كيت عربية سمارت كار 4 عجل 2 فريم خشب,N/A,450.‎,3.8 من 5 نجوم,7
1,محرك روبوت ذكي يعمل بتيار مستمر للسيارة,N/A,84.‎,N\A,N/A
2,محرك ذكي يعمل بتيار مستمر لسيارة روبوت دفع رباعي، لون اصفر,N/A,85.‎,N\A,N/A
3,عدة هيكل السيارة الروبوت الذكية بأربع عجلات من اردوينو، موديل سيارة مع تشفير السرعة,N/A,549.‎,3.3 من 5 نجوم,12
4,لعبة سيارة سباق - مركبات للجنسين، متعدد الألوان,N/A,86.‎,3.6 من 5 نجوم,258
5,سيارات سباق صغيرة من المعدن المصبوب للأطفال بعجلة حرة عالية السرعة غير قابلة للكسر لعبة معدنية مصبوبة أفضل ألعاب هدايا الأولاد كافانا مجموعة 6 قطع (متعددة الألوان) (1),N/A,146.‎,3.1 من 5 نجوم,48
6,"مجموعة سيارات رياضية لعبة مصبوبة للاطفال من 32 قطعة , متعدد الالوان",N/A,254.‎,3.2 من 5 نجوم,44
7,لعبة مسار سيارات كونتيست دريم اوف تراك مسابقة لانهائية,تبقى 4 فقط - اطلبه الآن.,176.‎,4.0 من 5 نجوم,132
8,اوبيست لعبة سيارة بجهاز تحكم عن بعد كرتونية لطيفة ممتصة للصدمات مع سائقين اخذ معركة بسرعات قابلة للتبديل موسيقى واضواء تتضمن ملصقات ذاتية الصنع هدايا عيد ميلاد للاولاد والبنات أحمر وأزرق,N/A,"1,500.‎",4.0 من 5 نجوم,6
9,"4 قطع من العاب شاحنة مونستر للاولاد والبنات ام انا، سيارات تعليمية تعمل بالاحتكاك، هدايا الكريسماس وحفلات اعياد الميلاد للاطفال الصغار الوان , متعدد الالوان",N/A,203.‎,3.0 من 5 نجوم,8
10,لعبة سيارة حافلة للاطفال يمكن فتح الباب للاولاد والبنات نموذج مقاومة للسقوط بالقصور الذاتي بعمر سنتين (ازرق),تبقى 2 فقط - اطلبه الآن.,125.‎,3.5 من 5 نجوم,3
11,لعبة سيارة الوي بي/بي (3 الوان متعددة),N/A,290.‎,5.0 من 5 نجوم,1
12,سيارة ركوب عربية للاطفال من جينيريك (احمر),N/A,469.‎,4.0 من 5 نجوم,85
13,"لعبه عربيه برق بنزين للاطفال , متعدد الالوان",تبقى 3 فقط - اطلبه الآن.,120.‎,N\A,N/A
14,سيارة انجراف بجهاز تحكم عن بعد بمقياس 1:16 من تويز لاند دفع رباعي 18 كم ساعة عالية السرعة 2.4 جيجا هرتز اضواء LED رذاذ للبالغين والاولاد والبنات والاطفال رمادي,تبقى 1 فقط - اطلبه الآن.,"2,993.‎",3.5 من 5 نجوم,4
15,سيارة بهلوانية تعمل بجهاز تحكم عن بعد من كيزدفون تدور 360 درجة مع اضواء ملونة ومفتاح موسيقى قابلة لإعادة الشحن للأولاد والبنات,تبقى 4 فقط - اطلبه الآن.,350.‎,4.2 من 5 نجوم,"2,734"
16,"سياره رياضية جي تي ثري ار اس , مصنوعة من سبيكة معدنية مصبوبة",تبقى 2 فقط - اطلبه الآن.,375.‎,N\A,N/A
17,مجموعة ألعاب سيارات للأولاد من سوبر باور، متعدد الألوان,N/A,123.‎,3.4 من 5 نجوم,30
18,سيارة بريموت كنترول من لوك تيدي - لعبة متحولة بزر واحد - قابلة للتحول إلى روبوت - ألعاب,N/A,222.‎,2.3 من 5 نجوم,14
19,سيارة سباق وانجراف بجهاز تحكم عن بعد 33 سم مقاومة للصدمات مع بطارية قابلة لاعادة الشحن وشاحن تعمل الفئة العمرية 6 سنوات فما فوق - فاخرة بالحث بالجاذبية بمقياس 1:12، احمر,N/A,732.‎,5.0 من 5 نجوم,1
20,سيارة تعمل بجهاز تحكم عن بعد للأولاد والبنات من كيزيفان، بهلوانية دوارة 360 درجة بمفتاح أضواء ملونة وموسيقى، قابلة لإعادة الشحن,N/A,345.‎,4.2 من 5 نجوم,402
21,سيارات سباق سبيد شامبيونز لنماذج بي ام دبليو M4 GT3 وبي هايبرد V8 76922 من ليجو أكريلونيتريل بوتادين ستايرين,تبقى 3 فقط - اطلبه الآن.,"2,209.‎",4.8 من 5 نجوم,575
22,طقم دواسات سيارة تركي اف-بيس من جاكوار 5 قطع، اسود,N/A,980.‎,N\A,N/A
23,سيارة ركوب للأطفال من تيك تويز- عمر 2-6 سنوات - 1064521459099 متعدد الألوان,N/A,815.‎,N\A,N/A
24,لعبة مجسم سيارة بلاستيك انتيريا لايتننج ام سي كوين طقم كامل 8 قطع,N/A,234.‎,1.3 من 5 نجوم,3
25,سيارات سباق رياضية معدنية ، 10 متعدد الألوان,N/A,150.‎,2.8 من 5 نجوم,7
26,سيارة تويستر بجهاز تحكم عن بعد من كارز، لون احمر، YT358,N/A,347.‎,4.2 من 5 نجوم,41
27,لعبة سيارة صغيرة للاطفال، اسود واحمر,N/A,67.‎,3.6 من 5 نجوم,62
28,لعبة سيارة الشرطة مزودة تصدر صوت واضاءة، متعددة الالوان,N/A,239.‎,3.9 من 5 نجوم,14
29,لعبة سيارة مرسيدس ايه ام جي تي من بينز مصنوعة خليط معدني مصبوب بمقياس 1:32 للاطفال,تبقى 3 فقط - اطلبه الآن.,850.‎,N\A,N/A
30,نموذج سيارة مرسيدس بنز جي ال اس 600 مايباخ بمقياس 1:24 من خليط الزنك المصبوب مع 6 أبواب قابلة للفتح، أضواء وموسيقى، لعبة للأطفال,تبقى 1 فقط - اطلبه الآن.,"1,500.‎",N\A,N/A
31,لعبة لايتنينج مكوين من كارز 2 - لعبة الجراج,تبقى 2 فقط - اطلبه الآن.,334.‎,4.1 من 5 نجوم,15
32,لعبة سيارة مرسيدس ايه ام جي تي من بينز مصنوعة خليط معدني مصبوب بمقياس 1:32 للاطفال,تبقى 4 فقط - اطلبه الآن.,900.‎,N\A,N/A
33,مقياس 1:22 معدن مصبوب 2022 كولينان 【كبير】 مع 6 ابواب قابلة للفتح، حركة سحب للخلف، مصابيح امامية تعمل ومصابيح خلفية,تبقى 2 فقط - اطلبه الآن.,"1,500.‎",4.7 من 5 نجوم,4
34,العاب سيارات وشاحنات للاطفال من سن 3 سنوات فما فوق، أخضر,تبقى 2 فقط - اطلبه الآن.,68.‎,3.1 من 5 نجوم,116
35,لعبة سيارة معدنية قابلة للسحب للخلف للأطفال ، هدية 1: صغيرة من خليط معدني مصبوب 32 قطعة اللون: ابيض,تبقى 4 فقط - اطلبه الآن.,750.‎,N\A,N/A
36,لعبه الاطفال - سيارة سماش اند جو، متعدد الألوان,N/A,150.‎,4.2 من 5 نجوم,6
37,نموذج سيارة مصغرة بي ام معدني + هدية - ابواب مفتوحة بصوت ونور سحب خلفي مقاس 1/32 طول 12 سم - نبيتي، أحمر,تبقى 1 فقط - اطلبه الآن.,250.‎,N\A,N/A
38,مجموعة ألعاب سيارات سباق سوبر ستار باور للأطفال من 12 قطعة متعددة الألوان جينيريك,N/A,183.‎,3.8 من 5 نجوم,165
39,نموذج سيارة معدني رائع مصبوب من خليط بتصميم مصغر 1:32 (اللون: أسود),N/A,N\A,N\A,N/A
40,سيارة معدنية مصبوبة بلون احمر,تبقى 1 فقط - اطلبه الآن.,340.‎,N\A,N/A
41,نموذج سيارة كلاسيكية من خليط معدني مصبوب بمقياس 1:43 ماي سوق ستور كاديلاك V8 مصغرة نسخة طبق الاصل هدية للبالغين 10.3 سم × 3.5,تبقى 1 فقط - اطلبه الآن.,575.‎,N\A,N/A
42,سيارة جاك سبرات 12 قطعة/بي دي كيو فريك، متعدد الألوان,N/A,499.‎,3.2 من 5 نجوم,6
43,مجموعة نموذج سيارة 1:24 لسيارة بورش بالاميلا سي ان مصنوعة من خليط معدني قطعة واحدة، ألعاب سحب للخلف مصبوبة، سيارات (أسود),تبقى 1 فقط - اطلبه الآن.,"1,400.‎",N\A,N/A
44,لعبة سيارات مصبوبة من البلاستيك للاولاد ثري ايه 123-7D8 مجموعة 8 قطع متعددة الالوان,تبقى 2 فقط - اطلبه الآن.,205.‎,3.0 من 5 نجوم,1
45,لعبة سيارات مصبوبة من البلاستيك للاولاد 123-8K ثري ايه، مجموعة 6 قطع متعددة الالوان,N/A,165.‎,N\A,N/A
46,سيارة مصبوبة بمقياس 1:32 لنموذج سيارات الاعمال المعدنية تعمل بالسحب للخلف، لعبة للاطفال الاولاد مجموعة هدايا (اللون: ابيض),N/A,160.‎,N\A,N/A
47,"مجموعة سيارات سباق لعبة سوبر باور كارز 6 قطعة اولاد, متعدد الالوان",N/A,139.‎,3.0 من 5 نجوم,1
48,نموذج مصغر ماكيت سيارة معدن فتح أبواب وكبوت وشنطة وصوت ونور مقاس 1/32,تبقى 1 فقط - اطلبه الآن.,750.‎,1.0 من 5 نجوم,1
49,لعبة سيارة مرسيدس بنز مايباخ S600 من خليط معدني لسيارة لينكولن تاون ليموزين قابلة للسحب للخلف، طويلة مصبوبة بمقياس 1:32 للاطفال مع ضوء خلفي وموسيقى، لون ذهبي,N/A,"1,200.‎",N\A,N/A
50,لعبة سيارة سباق بهلوانية للزحف بجهاز تحكم عن بعد من جاك سبرات، أخضر,N/A,"1,361.‎",4.4 من 5 نجوم,3
51,مجموعة نموذج سيارة 1:24 لسيارة بورش بالاميلا سي ان مصنوعة من خليط معدني قطعة واحدة، ألعاب سحب للخلف مصبوبة، هدية سيارات (لون رمادي),N/A,"1,400.‎",N\A,N/A
52,سيارة معدنية مصبوبة بلون اسود,تبقى 3 فقط - اطلبه الآن.,225.‎,N\A,N/A
53,ماكيت مصغر نموذج سيارة مكروباص معدن فتح أبواب وكبوت وشنطة وصوت ونور مقاس 1/32,تبقى 1 فقط - اطلبه الآن.,825.‎,5.0 من 5 نجوم,2
54,سيارة سباق معدن مزودة بضوء و صوت -احمر,تبقى 2 فقط - اطلبه الآن.,297.‎,2.0 من 5 نجوم,1
55,نموذج سيارة لعبة بمقياس 1:32 لسيارة برابوس G800 من خليط معدني مؤثرات صوتية ضوئية العاب سيارات مصبوبة (اللون: اسود),N/A,250.‎,1.0 من 5 نجوم,1
56,سيارة ركوب تعمل بالدفع للاطفال مع موسيقى ومسند ظهر مرتفع | العاب كبيرة | دفع للقيادة من عمر 2 الى 7 سنوات للاولاد والبنات (بينك),N/A,699.‎,4.0 من 5 نجوم,5
57,متعة غسيل السيارات من لايتنينج مكوين اند ماترز، بلاستيك,N/A,"1,167.‎",4.8 من 5 نجوم,896
58,شنطة وكيس نوم كارز من اكسل اوتدورز - متعدد الالوان,N/A,"1,848.‎",N\A,N/A
59,ليغو أيكونز شيفروليه كامارو Z28 رقم 10304 مجموعة لعبة بناء (1458 قطعة)، معدن بلاستيك .,تبقى 4 فقط - اطلبه الآن.,"5,239.‎",4.7 من 5 نجوم,160
